[
{
  "model": "admin.logentry",
  "pk": 110,
  "fields": {
    "action_time": "2026-03-17T00:46:01.596Z",
    "user": 1,
    "content_type": 11,
    "object_id": "18",
    "object_repr": "Erica Wiafe (LSA-2026-0054) - 2026-03-16 - present",
    "action_flag": 3,
    "change_message": ""
  }
},
{
  "model": "admin.logentry",
  "pk": 109,
  "fields": {
    "action_time": "2026-03-17T00:46:01.596Z",
    "user": 1,
    "content_type": 11,
    "object_id": "19",
    "object_repr": "Okatakyie Kwabena Ampem Darko Adu (LSA-2026-0058) - 2026-03-16 - absent",
    "action_flag": 3,
    "change_message": ""
  }
},
{
  "model": "admin.logentry",
  "pk": 108,
  "fields": {
    "action_time": "2026-03-17T00:46:01.596Z",
    "user": 1,
    "content_type": 11,
    "object_id": "20",
    "object_repr": "Nyiraba Obeng Owusu (LSA-2026-0057) - 2026-03-16 - present",
    "action_flag": 3,
    "change_message": ""
  }
},
{
  "model": "admin.logentry",
  "pk": 107,
  "fields": {
    "action_time": "2026-03-17T00:46:01.596Z",
    "user": 1,
    "content_type": 11,
    "object_id": "21",
    "object_repr": "Pamela Akua Opoku (LSA-2026-0061) - 2026-03-16 - present",
    "action_flag": 3,
    "change_message": ""
  }
},
{
  "model": "admin.logentry",
  "pk": 106,
  "fields": {
    "action_time": "2026-03-17T00:46:01.596Z",
    "user": 1,
    "content_type": 11,
    "object_id": "22",
    "object_repr": "Afia Serwaa Frimpong (LSA-2026-0062) - 2026-03-16 - present",
    "action_flag": 3,
    "change_message": ""
  }
},
{
  "model": "admin.logentry",
  "pk": 105,
  "fields": {
    "action_time": "2026-03-17T00:46:01.596Z",
    "user": 1,
    "content_type": 11,
    "object_id": "23",
    "object_repr": "Angel Agyeiwaa Ayensu (LSA-2026-0059) - 2026-03-16 - present",
    "action_flag": 3,
    "change_message": ""
  }
},
{
  "model": "admin.logentry",
  "pk": 104,
  "fields": {
    "action_time": "2026-03-17T00:46:01.596Z",
    "user": 1,
    "content_type": 11,
    "object_id": "24",
    "object_repr": "Betty Valerie N.L Lamptey (LSA-2026-0066) - 2026-03-16 - present",
    "action_flag": 3,
    "change_message": ""
  }
},
{
  "model": "admin.logentry",
  "pk": 103,
  "fields": {
    "action_time": "2026-03-17T00:46:01.596Z",
    "user": 1,
    "content_type": 11,
    "object_id": "25",
    "object_repr": "Kendra Mbiriwaa Nana Akua Eduful (LSA-2026-0056) - 2026-03-16 - present",
    "action_flag": 3,
    "change_message": ""
  }
},
{
  "model": "admin.logentry",
  "pk": 102,
  "fields": {
    "action_time": "2026-03-17T00:46:01.596Z",
    "user": 1,
    "content_type": 11,
    "object_id": "26",
    "object_repr": "Joshua Bentum Agyare Otoo (LSA-2026-0063) - 2026-03-16 - absent",
    "action_flag": 3,
    "change_message": ""
  }
},
{
  "model": "admin.logentry",
  "pk": 101,
  "fields": {
    "action_time": "2026-03-17T00:46:01.596Z",
    "user": 1,
    "content_type": 11,
    "object_id": "27",
    "object_repr": "Jael Ekua Adazewa Arkoful (LSA-2026-0060) - 2026-03-16 - present",
    "action_flag": 3,
    "change_message": ""
  }
},
{
  "model": "admin.logentry",
  "pk": 100,
  "fields": {
    "action_time": "2026-03-17T00:46:01.596Z",
    "user": 1,
    "content_type": 11,
    "object_id": "28",
    "object_repr": "Bryan A Asiamah (LSA-2026-0064) - 2026-03-16 - present",
    "action_flag": 3,
    "change_message": ""
  }
},
{
  "model": "admin.logentry",
  "pk": 99,
  "fields": {
    "action_time": "2026-03-17T00:46:01.596Z",
    "user": 1,
    "content_type": 11,
    "object_id": "29",
    "object_repr": "Castiel Jnr. Asiamah Danquah (LSA-2026-0065) - 2026-03-16 - present",
    "action_flag": 3,
    "change_message": ""
  }
},
{
  "model": "admin.logentry",
  "pk": 98,
  "fields": {
    "action_time": "2026-03-17T00:46:01.596Z",
    "user": 1,
    "content_type": 11,
    "object_id": "30",
    "object_repr": "Selina Boakye (LSA-2026-0055) - 2026-03-16 - present",
    "action_flag": 3,
    "change_message": ""
  }
},
{
  "model": "admin.logentry",
  "pk": 97,
  "fields": {
    "action_time": "2026-03-17T00:45:39.541Z",
    "user": 1,
    "content_type": 6,
    "object_id": "2",
    "object_repr": "teacher1",
    "action_flag": 3,
    "change_message": ""
  }
},
{
  "model": "admin.logentry",
  "pk": 96,
  "fields": {
    "action_time": "2026-03-17T00:45:39.541Z",
    "user": 1,
    "content_type": 6,
    "object_id": "3",
    "object_repr": "rootSnipper",
    "action_flag": 3,
    "change_message": ""
  }
},
{
  "model": "admin.logentry",
  "pk": 95,
  "fields": {
    "action_time": "2026-03-17T00:45:39.541Z",
    "user": 1,
    "content_type": 6,
    "object_id": "4",
    "object_repr": "LSA-2026-0040",
    "action_flag": 3,
    "change_message": ""
  }
},
{
  "model": "admin.logentry",
  "pk": 94,
  "fields": {
    "action_time": "2026-03-17T00:45:39.541Z",
    "user": 1,
    "content_type": 6,
    "object_id": "5",
    "object_repr": "LSA-2026-0001",
    "action_flag": 3,
    "change_message": ""
  }
},
{
  "model": "admin.logentry",
  "pk": 93,
  "fields": {
    "action_time": "2026-03-17T00:45:39.541Z",
    "user": 1,
    "content_type": 6,
    "object_id": "6",
    "object_repr": "LSA-2026-0002",
    "action_flag": 3,
    "change_message": ""
  }
},
{
  "model": "admin.logentry",
  "pk": 92,
  "fields": {
    "action_time": "2026-03-17T00:45:39.541Z",
    "user": 1,
    "content_type": 6,
    "object_id": "7",
    "object_repr": "Test",
    "action_flag": 3,
    "change_message": ""
  }
},
{
  "model": "admin.logentry",
  "pk": 91,
  "fields": {
    "action_time": "2026-03-17T00:45:39.541Z",
    "user": 1,
    "content_type": 6,
    "object_id": "8",
    "object_repr": "richardofori",
    "action_flag": 3,
    "change_message": ""
  }
},
{
  "model": "admin.logentry",
  "pk": 90,
  "fields": {
    "action_time": "2026-03-17T00:45:39.541Z",
    "user": 1,
    "content_type": 6,
    "object_id": "9",
    "object_repr": "LSA-2026-0003",
    "action_flag": 3,
    "change_message": ""
  }
},
{
  "model": "admin.logentry",
  "pk": 89,
  "fields": {
    "action_time": "2026-03-17T00:45:39.541Z",
    "user": 1,
    "content_type": 6,
    "object_id": "10",
    "object_repr": "LSA-2026-0004",
    "action_flag": 3,
    "change_message": ""
  }
},
{
  "model": "admin.logentry",
  "pk": 88,
  "fields": {
    "action_time": "2026-03-17T00:45:39.541Z",
    "user": 1,
    "content_type": 6,
    "object_id": "11",
    "object_repr": "LSA-2026-0005",
    "action_flag": 3,
    "change_message": ""
  }
},
{
  "model": "admin.logentry",
  "pk": 87,
  "fields": {
    "action_time": "2026-03-17T00:45:39.541Z",
    "user": 1,
    "content_type": 6,
    "object_id": "12",
    "object_repr": "LSA-2026-0006",
    "action_flag": 3,
    "change_message": ""
  }
},
{
  "model": "admin.logentry",
  "pk": 86,
  "fields": {
    "action_time": "2026-03-17T00:45:39.540Z",
    "user": 1,
    "content_type": 6,
    "object_id": "13",
    "object_repr": "LSA-2026-0007",
    "action_flag": 3,
    "change_message": ""
  }
},
{
  "model": "admin.logentry",
  "pk": 85,
  "fields": {
    "action_time": "2026-03-17T00:45:39.540Z",
    "user": 1,
    "content_type": 6,
    "object_id": "14",
    "object_repr": "LSA-2026-0008",
    "action_flag": 3,
    "change_message": ""
  }
},
{
  "model": "admin.logentry",
  "pk": 84,
  "fields": {
    "action_time": "2026-03-17T00:45:39.540Z",
    "user": 1,
    "content_type": 6,
    "object_id": "15",
    "object_repr": "LSA-2026-0009",
    "action_flag": 3,
    "change_message": ""
  }
},
{
  "model": "admin.logentry",
  "pk": 83,
  "fields": {
    "action_time": "2026-03-17T00:45:39.540Z",
    "user": 1,
    "content_type": 6,
    "object_id": "16",
    "object_repr": "LSA-2026-0010",
    "action_flag": 3,
    "change_message": ""
  }
},
{
  "model": "admin.logentry",
  "pk": 82,
  "fields": {
    "action_time": "2026-03-17T00:45:39.540Z",
    "user": 1,
    "content_type": 6,
    "object_id": "17",
    "object_repr": "LSA-2026-0011",
    "action_flag": 3,
    "change_message": ""
  }
},
{
  "model": "admin.logentry",
  "pk": 81,
  "fields": {
    "action_time": "2026-03-17T00:45:39.540Z",
    "user": 1,
    "content_type": 6,
    "object_id": "18",
    "object_repr": "LSA-2026-0012",
    "action_flag": 3,
    "change_message": ""
  }
},
{
  "model": "admin.logentry",
  "pk": 80,
  "fields": {
    "action_time": "2026-03-17T00:45:39.540Z",
    "user": 1,
    "content_type": 6,
    "object_id": "19",
    "object_repr": "LSA-2026-0041",
    "action_flag": 3,
    "change_message": ""
  }
},
{
  "model": "admin.logentry",
  "pk": 79,
  "fields": {
    "action_time": "2026-03-17T00:45:39.540Z",
    "user": 1,
    "content_type": 6,
    "object_id": "20",
    "object_repr": "LSA-2026-0042",
    "action_flag": 3,
    "change_message": ""
  }
},
{
  "model": "admin.logentry",
  "pk": 78,
  "fields": {
    "action_time": "2026-03-17T00:45:39.540Z",
    "user": 1,
    "content_type": 6,
    "object_id": "21",
    "object_repr": "LSA-2026-0043",
    "action_flag": 3,
    "change_message": ""
  }
},
{
  "model": "admin.logentry",
  "pk": 77,
  "fields": {
    "action_time": "2026-03-17T00:45:39.540Z",
    "user": 1,
    "content_type": 6,
    "object_id": "22",
    "object_repr": "LSA-2026-0044",
    "action_flag": 3,
    "change_message": ""
  }
},
{
  "model": "admin.logentry",
  "pk": 76,
  "fields": {
    "action_time": "2026-03-17T00:45:39.540Z",
    "user": 1,
    "content_type": 6,
    "object_id": "23",
    "object_repr": "LSA-2026-0045",
    "action_flag": 3,
    "change_message": ""
  }
},
{
  "model": "admin.logentry",
  "pk": 75,
  "fields": {
    "action_time": "2026-03-17T00:45:39.540Z",
    "user": 1,
    "content_type": 6,
    "object_id": "24",
    "object_repr": "LSA-2026-0046",
    "action_flag": 3,
    "change_message": ""
  }
},
{
  "model": "admin.logentry",
  "pk": 74,
  "fields": {
    "action_time": "2026-03-17T00:45:39.540Z",
    "user": 1,
    "content_type": 6,
    "object_id": "25",
    "object_repr": "danielobeng",
    "action_flag": 3,
    "change_message": ""
  }
},
{
  "model": "admin.logentry",
  "pk": 73,
  "fields": {
    "action_time": "2026-03-17T00:45:39.540Z",
    "user": 1,
    "content_type": 6,
    "object_id": "27",
    "object_repr": "Aduboaheng",
    "action_flag": 3,
    "change_message": ""
  }
},
{
  "model": "admin.logentry",
  "pk": 72,
  "fields": {
    "action_time": "2026-03-17T00:45:39.540Z",
    "user": 1,
    "content_type": 6,
    "object_id": "28",
    "object_repr": "Mike",
    "action_flag": 3,
    "change_message": ""
  }
},
{
  "model": "admin.logentry",
  "pk": 71,
  "fields": {
    "action_time": "2026-03-17T00:45:39.540Z",
    "user": 1,
    "content_type": 6,
    "object_id": "30",
    "object_repr": "LSA-2026-0047",
    "action_flag": 3,
    "change_message": ""
  }
},
{
  "model": "admin.logentry",
  "pk": 70,
  "fields": {
    "action_time": "2026-03-17T00:45:39.540Z",
    "user": 1,
    "content_type": 6,
    "object_id": "31",
    "object_repr": "LSA-2026-0048",
    "action_flag": 3,
    "change_message": ""
  }
},
{
  "model": "admin.logentry",
  "pk": 69,
  "fields": {
    "action_time": "2026-03-17T00:45:39.540Z",
    "user": 1,
    "content_type": 6,
    "object_id": "32",
    "object_repr": "LSA-2026-0049",
    "action_flag": 3,
    "change_message": ""
  }
},
{
  "model": "admin.logentry",
  "pk": 68,
  "fields": {
    "action_time": "2026-03-17T00:45:39.540Z",
    "user": 1,
    "content_type": 6,
    "object_id": "33",
    "object_repr": "LSA-2026-0050",
    "action_flag": 3,
    "change_message": ""
  }
},
{
  "model": "admin.logentry",
  "pk": 67,
  "fields": {
    "action_time": "2026-03-17T00:45:39.540Z",
    "user": 1,
    "content_type": 6,
    "object_id": "34",
    "object_repr": "LSA-2026-0051",
    "action_flag": 3,
    "change_message": ""
  }
},
{
  "model": "admin.logentry",
  "pk": 66,
  "fields": {
    "action_time": "2026-03-17T00:45:39.540Z",
    "user": 1,
    "content_type": 6,
    "object_id": "35",
    "object_repr": "LSA-2026-0052",
    "action_flag": 3,
    "change_message": ""
  }
},
{
  "model": "admin.logentry",
  "pk": 65,
  "fields": {
    "action_time": "2026-03-17T00:45:39.539Z",
    "user": 1,
    "content_type": 6,
    "object_id": "36",
    "object_repr": "LSA-2026-0053",
    "action_flag": 3,
    "change_message": ""
  }
},
{
  "model": "admin.logentry",
  "pk": 64,
  "fields": {
    "action_time": "2026-03-17T00:43:33.636Z",
    "user": 1,
    "content_type": 12,
    "object_id": "16",
    "object_repr": "Erica Wiafe (LSA-2026-0054) \u2013 Literacy - Nursery 1 \u2013 78.0",
    "action_flag": 3,
    "change_message": ""
  }
},
{
  "model": "admin.logentry",
  "pk": 63,
  "fields": {
    "action_time": "2026-03-17T00:43:33.636Z",
    "user": 1,
    "content_type": 12,
    "object_id": "17",
    "object_repr": "Selina Boakye (LSA-2026-0055) \u2013 Literacy - Nursery 1 \u2013 54.0",
    "action_flag": 3,
    "change_message": ""
  }
},
{
  "model": "admin.logentry",
  "pk": 62,
  "fields": {
    "action_time": "2026-03-17T00:43:33.635Z",
    "user": 1,
    "content_type": 12,
    "object_id": "18",
    "object_repr": "Kendra Mbiriwaa Nana Akua Eduful (LSA-2026-0056) \u2013 Literacy - Nursery 1 \u2013 97.0",
    "action_flag": 3,
    "change_message": ""
  }
},
{
  "model": "admin.logentry",
  "pk": 61,
  "fields": {
    "action_time": "2026-03-17T00:43:33.635Z",
    "user": 1,
    "content_type": 12,
    "object_id": "19",
    "object_repr": "Nyiraba Obeng Owusu (LSA-2026-0057) \u2013 Literacy - Nursery 1 \u2013 90.0",
    "action_flag": 3,
    "change_message": ""
  }
},
{
  "model": "admin.logentry",
  "pk": 60,
  "fields": {
    "action_time": "2026-03-17T00:43:33.635Z",
    "user": 1,
    "content_type": 12,
    "object_id": "20",
    "object_repr": "Okatakyie Kwabena Ampem Darko Adu (LSA-2026-0058) \u2013 Literacy - Nursery 1 \u2013 88.0",
    "action_flag": 3,
    "change_message": ""
  }
},
{
  "model": "admin.logentry",
  "pk": 59,
  "fields": {
    "action_time": "2026-03-17T00:43:33.635Z",
    "user": 1,
    "content_type": 12,
    "object_id": "21",
    "object_repr": "Angel Agyeiwaa Ayensu (LSA-2026-0059) \u2013 Literacy - Nursery 1 \u2013 44.0",
    "action_flag": 3,
    "change_message": ""
  }
},
{
  "model": "admin.logentry",
  "pk": 58,
  "fields": {
    "action_time": "2026-03-17T00:43:33.635Z",
    "user": 1,
    "content_type": 12,
    "object_id": "22",
    "object_repr": "Jael Ekua Adazewa Arkoful (LSA-2026-0060) \u2013 Literacy - Nursery 1 \u2013 65.0",
    "action_flag": 3,
    "change_message": ""
  }
},
{
  "model": "admin.logentry",
  "pk": 57,
  "fields": {
    "action_time": "2026-03-17T00:43:33.635Z",
    "user": 1,
    "content_type": 12,
    "object_id": "23",
    "object_repr": "Pamela Akua Opoku (LSA-2026-0061) \u2013 Literacy - Nursery 1 \u2013 92.0",
    "action_flag": 3,
    "change_message": ""
  }
},
{
  "model": "admin.logentry",
  "pk": 56,
  "fields": {
    "action_time": "2026-03-17T00:43:33.635Z",
    "user": 1,
    "content_type": 12,
    "object_id": "24",
    "object_repr": "Afia Serwaa Frimpong (LSA-2026-0062) \u2013 Literacy - Nursery 1 \u2013 44.0",
    "action_flag": 3,
    "change_message": ""
  }
},
{
  "model": "admin.logentry",
  "pk": 55,
  "fields": {
    "action_time": "2026-03-17T00:43:33.635Z",
    "user": 1,
    "content_type": 12,
    "object_id": "25",
    "object_repr": "Joshua Bentum Agyare Otoo (LSA-2026-0063) \u2013 Literacy - Nursery 1 \u2013 6.0",
    "action_flag": 3,
    "change_message": ""
  }
},
{
  "model": "admin.logentry",
  "pk": 54,
  "fields": {
    "action_time": "2026-03-17T00:43:33.635Z",
    "user": 1,
    "content_type": 12,
    "object_id": "26",
    "object_repr": "Bryan A Asiamah (LSA-2026-0064) \u2013 Literacy - Nursery 1 \u2013 100.0",
    "action_flag": 3,
    "change_message": ""
  }
},
{
  "model": "admin.logentry",
  "pk": 53,
  "fields": {
    "action_time": "2026-03-17T00:43:33.635Z",
    "user": 1,
    "content_type": 12,
    "object_id": "27",
    "object_repr": "Castiel Jnr. Asiamah Danquah (LSA-2026-0065) \u2013 Literacy - Nursery 1 \u2013 63.0",
    "action_flag": 3,
    "change_message": ""
  }
},
{
  "model": "admin.logentry",
  "pk": 52,
  "fields": {
    "action_time": "2026-03-17T00:43:33.635Z",
    "user": 1,
    "content_type": 12,
    "object_id": "28",
    "object_repr": "Betty Valerie N.L Lamptey (LSA-2026-0066) \u2013 Literacy - Nursery 1 \u2013 70.0",
    "action_flag": 3,
    "change_message": ""
  }
},
{
  "model": "admin.logentry",
  "pk": 51,
  "fields": {
    "action_time": "2026-03-17T00:43:33.635Z",
    "user": 1,
    "content_type": 12,
    "object_id": "29",
    "object_repr": "Erica Wiafe (LSA-2026-0054) \u2013 Creativity - Nursery 1 \u2013 78.0",
    "action_flag": 3,
    "change_message": ""
  }
},
{
  "model": "admin.logentry",
  "pk": 50,
  "fields": {
    "action_time": "2026-03-17T00:43:33.635Z",
    "user": 1,
    "content_type": 12,
    "object_id": "30",
    "object_repr": "Selina Boakye (LSA-2026-0055) \u2013 Creativity - Nursery 1 \u2013 54.0",
    "action_flag": 3,
    "change_message": ""
  }
},
{
  "model": "admin.logentry",
  "pk": 49,
  "fields": {
    "action_time": "2026-03-17T00:43:33.635Z",
    "user": 1,
    "content_type": 12,
    "object_id": "31",
    "object_repr": "Kendra Mbiriwaa Nana Akua Eduful (LSA-2026-0056) \u2013 Creativity - Nursery 1 \u2013 97.0",
    "action_flag": 3,
    "change_message": ""
  }
},
{
  "model": "admin.logentry",
  "pk": 48,
  "fields": {
    "action_time": "2026-03-17T00:43:33.635Z",
    "user": 1,
    "content_type": 12,
    "object_id": "32",
    "object_repr": "Nyiraba Obeng Owusu (LSA-2026-0057) \u2013 Creativity - Nursery 1 \u2013 90.0",
    "action_flag": 3,
    "change_message": ""
  }
},
{
  "model": "admin.logentry",
  "pk": 47,
  "fields": {
    "action_time": "2026-03-17T00:43:33.635Z",
    "user": 1,
    "content_type": 12,
    "object_id": "33",
    "object_repr": "Okatakyie Kwabena Ampem Darko Adu (LSA-2026-0058) \u2013 Creativity - Nursery 1 \u2013 88.0",
    "action_flag": 3,
    "change_message": ""
  }
},
{
  "model": "admin.logentry",
  "pk": 46,
  "fields": {
    "action_time": "2026-03-17T00:43:33.635Z",
    "user": 1,
    "content_type": 12,
    "object_id": "34",
    "object_repr": "Angel Agyeiwaa Ayensu (LSA-2026-0059) \u2013 Creativity - Nursery 1 \u2013 44.0",
    "action_flag": 3,
    "change_message": ""
  }
},
{
  "model": "admin.logentry",
  "pk": 45,
  "fields": {
    "action_time": "2026-03-17T00:43:33.635Z",
    "user": 1,
    "content_type": 12,
    "object_id": "35",
    "object_repr": "Jael Ekua Adazewa Arkoful (LSA-2026-0060) \u2013 Creativity - Nursery 1 \u2013 65.0",
    "action_flag": 3,
    "change_message": ""
  }
},
{
  "model": "admin.logentry",
  "pk": 44,
  "fields": {
    "action_time": "2026-03-17T00:43:33.635Z",
    "user": 1,
    "content_type": 12,
    "object_id": "36",
    "object_repr": "Pamela Akua Opoku (LSA-2026-0061) \u2013 Creativity - Nursery 1 \u2013 92.0",
    "action_flag": 3,
    "change_message": ""
  }
},
{
  "model": "admin.logentry",
  "pk": 43,
  "fields": {
    "action_time": "2026-03-17T00:43:33.635Z",
    "user": 1,
    "content_type": 12,
    "object_id": "37",
    "object_repr": "Afia Serwaa Frimpong (LSA-2026-0062) \u2013 Creativity - Nursery 1 \u2013 44.0",
    "action_flag": 3,
    "change_message": ""
  }
},
{
  "model": "admin.logentry",
  "pk": 42,
  "fields": {
    "action_time": "2026-03-17T00:43:33.635Z",
    "user": 1,
    "content_type": 12,
    "object_id": "38",
    "object_repr": "Joshua Bentum Agyare Otoo (LSA-2026-0063) \u2013 Creativity - Nursery 1 \u2013 6.0",
    "action_flag": 3,
    "change_message": ""
  }
},
{
  "model": "admin.logentry",
  "pk": 41,
  "fields": {
    "action_time": "2026-03-17T00:43:33.635Z",
    "user": 1,
    "content_type": 12,
    "object_id": "39",
    "object_repr": "Bryan A Asiamah (LSA-2026-0064) \u2013 Creativity - Nursery 1 \u2013 100.0",
    "action_flag": 3,
    "change_message": ""
  }
},
{
  "model": "admin.logentry",
  "pk": 40,
  "fields": {
    "action_time": "2026-03-17T00:43:33.635Z",
    "user": 1,
    "content_type": 12,
    "object_id": "40",
    "object_repr": "Castiel Jnr. Asiamah Danquah (LSA-2026-0065) \u2013 Creativity - Nursery 1 \u2013 63.0",
    "action_flag": 3,
    "change_message": ""
  }
},
{
  "model": "admin.logentry",
  "pk": 39,
  "fields": {
    "action_time": "2026-03-17T00:43:33.635Z",
    "user": 1,
    "content_type": 12,
    "object_id": "41",
    "object_repr": "Betty Valerie N.L Lamptey (LSA-2026-0066) \u2013 Creativity - Nursery 1 \u2013 70.0",
    "action_flag": 3,
    "change_message": ""
  }
},
{
  "model": "admin.logentry",
  "pk": 38,
  "fields": {
    "action_time": "2026-03-17T00:43:33.635Z",
    "user": 1,
    "content_type": 12,
    "object_id": "42",
    "object_repr": "Erica Wiafe (LSA-2026-0054) \u2013 Numeracy - Nursery 1 \u2013 78.0",
    "action_flag": 3,
    "change_message": ""
  }
},
{
  "model": "admin.logentry",
  "pk": 37,
  "fields": {
    "action_time": "2026-03-17T00:43:33.635Z",
    "user": 1,
    "content_type": 12,
    "object_id": "43",
    "object_repr": "Selina Boakye (LSA-2026-0055) \u2013 Numeracy - Nursery 1 \u2013 54.0",
    "action_flag": 3,
    "change_message": ""
  }
},
{
  "model": "admin.logentry",
  "pk": 36,
  "fields": {
    "action_time": "2026-03-17T00:43:33.635Z",
    "user": 1,
    "content_type": 12,
    "object_id": "44",
    "object_repr": "Kendra Mbiriwaa Nana Akua Eduful (LSA-2026-0056) \u2013 Numeracy - Nursery 1 \u2013 97.0",
    "action_flag": 3,
    "change_message": ""
  }
},
{
  "model": "admin.logentry",
  "pk": 35,
  "fields": {
    "action_time": "2026-03-17T00:43:33.635Z",
    "user": 1,
    "content_type": 12,
    "object_id": "45",
    "object_repr": "Nyiraba Obeng Owusu (LSA-2026-0057) \u2013 Numeracy - Nursery 1 \u2013 90.0",
    "action_flag": 3,
    "change_message": ""
  }
},
{
  "model": "admin.logentry",
  "pk": 34,
  "fields": {
    "action_time": "2026-03-17T00:43:33.635Z",
    "user": 1,
    "content_type": 12,
    "object_id": "46",
    "object_repr": "Okatakyie Kwabena Ampem Darko Adu (LSA-2026-0058) \u2013 Numeracy - Nursery 1 \u2013 88.0",
    "action_flag": 3,
    "change_message": ""
  }
},
{
  "model": "admin.logentry",
  "pk": 33,
  "fields": {
    "action_time": "2026-03-17T00:43:33.635Z",
    "user": 1,
    "content_type": 12,
    "object_id": "47",
    "object_repr": "Angel Agyeiwaa Ayensu (LSA-2026-0059) \u2013 Numeracy - Nursery 1 \u2013 44.0",
    "action_flag": 3,
    "change_message": ""
  }
},
{
  "model": "admin.logentry",
  "pk": 32,
  "fields": {
    "action_time": "2026-03-17T00:43:33.635Z",
    "user": 1,
    "content_type": 12,
    "object_id": "48",
    "object_repr": "Jael Ekua Adazewa Arkoful (LSA-2026-0060) \u2013 Numeracy - Nursery 1 \u2013 65.0",
    "action_flag": 3,
    "change_message": ""
  }
},
{
  "model": "admin.logentry",
  "pk": 31,
  "fields": {
    "action_time": "2026-03-17T00:43:33.635Z",
    "user": 1,
    "content_type": 12,
    "object_id": "49",
    "object_repr": "Pamela Akua Opoku (LSA-2026-0061) \u2013 Numeracy - Nursery 1 \u2013 92.0",
    "action_flag": 3,
    "change_message": ""
  }
},
{
  "model": "admin.logentry",
  "pk": 30,
  "fields": {
    "action_time": "2026-03-17T00:43:33.635Z",
    "user": 1,
    "content_type": 12,
    "object_id": "50",
    "object_repr": "Afia Serwaa Frimpong (LSA-2026-0062) \u2013 Numeracy - Nursery 1 \u2013 44.0",
    "action_flag": 3,
    "change_message": ""
  }
},
{
  "model": "admin.logentry",
  "pk": 29,
  "fields": {
    "action_time": "2026-03-17T00:43:33.635Z",
    "user": 1,
    "content_type": 12,
    "object_id": "51",
    "object_repr": "Joshua Bentum Agyare Otoo (LSA-2026-0063) \u2013 Numeracy - Nursery 1 \u2013 6.0",
    "action_flag": 3,
    "change_message": ""
  }
},
{
  "model": "admin.logentry",
  "pk": 28,
  "fields": {
    "action_time": "2026-03-17T00:43:33.635Z",
    "user": 1,
    "content_type": 12,
    "object_id": "52",
    "object_repr": "Bryan A Asiamah (LSA-2026-0064) \u2013 Numeracy - Nursery 1 \u2013 100.0",
    "action_flag": 3,
    "change_message": ""
  }
},
{
  "model": "admin.logentry",
  "pk": 27,
  "fields": {
    "action_time": "2026-03-17T00:43:33.635Z",
    "user": 1,
    "content_type": 12,
    "object_id": "53",
    "object_repr": "Castiel Jnr. Asiamah Danquah (LSA-2026-0065) \u2013 Numeracy - Nursery 1 \u2013 63.0",
    "action_flag": 3,
    "change_message": ""
  }
},
{
  "model": "admin.logentry",
  "pk": 26,
  "fields": {
    "action_time": "2026-03-17T00:43:33.635Z",
    "user": 1,
    "content_type": 12,
    "object_id": "54",
    "object_repr": "Betty Valerie N.L Lamptey (LSA-2026-0066) \u2013 Numeracy - Nursery 1 \u2013 70.0",
    "action_flag": 3,
    "change_message": ""
  }
},
{
  "model": "admin.logentry",
  "pk": 25,
  "fields": {
    "action_time": "2026-03-17T00:43:33.635Z",
    "user": 1,
    "content_type": 12,
    "object_id": "55",
    "object_repr": "Erica Wiafe (LSA-2026-0054) \u2013 Our World Our People - Nursery 1 \u2013 78.0",
    "action_flag": 3,
    "change_message": ""
  }
},
{
  "model": "admin.logentry",
  "pk": 24,
  "fields": {
    "action_time": "2026-03-17T00:43:33.635Z",
    "user": 1,
    "content_type": 12,
    "object_id": "56",
    "object_repr": "Selina Boakye (LSA-2026-0055) \u2013 Our World Our People - Nursery 1 \u2013 54.0",
    "action_flag": 3,
    "change_message": ""
  }
},
{
  "model": "admin.logentry",
  "pk": 23,
  "fields": {
    "action_time": "2026-03-17T00:43:33.635Z",
    "user": 1,
    "content_type": 12,
    "object_id": "57",
    "object_repr": "Kendra Mbiriwaa Nana Akua Eduful (LSA-2026-0056) \u2013 Our World Our People - Nursery 1 \u2013 97.0",
    "action_flag": 3,
    "change_message": ""
  }
},
{
  "model": "admin.logentry",
  "pk": 22,
  "fields": {
    "action_time": "2026-03-17T00:43:33.635Z",
    "user": 1,
    "content_type": 12,
    "object_id": "58",
    "object_repr": "Nyiraba Obeng Owusu (LSA-2026-0057) \u2013 Our World Our People - Nursery 1 \u2013 90.0",
    "action_flag": 3,
    "change_message": ""
  }
},
{
  "model": "admin.logentry",
  "pk": 21,
  "fields": {
    "action_time": "2026-03-17T00:43:33.634Z",
    "user": 1,
    "content_type": 12,
    "object_id": "59",
    "object_repr": "Okatakyie Kwabena Ampem Darko Adu (LSA-2026-0058) \u2013 Our World Our People - Nursery 1 \u2013 88.0",
    "action_flag": 3,
    "change_message": ""
  }
},
{
  "model": "admin.logentry",
  "pk": 20,
  "fields": {
    "action_time": "2026-03-17T00:43:33.634Z",
    "user": 1,
    "content_type": 12,
    "object_id": "60",
    "object_repr": "Angel Agyeiwaa Ayensu (LSA-2026-0059) \u2013 Our World Our People - Nursery 1 \u2013 81.0",
    "action_flag": 3,
    "change_message": ""
  }
},
{
  "model": "admin.logentry",
  "pk": 19,
  "fields": {
    "action_time": "2026-03-17T00:43:33.634Z",
    "user": 1,
    "content_type": 12,
    "object_id": "61",
    "object_repr": "Jael Ekua Adazewa Arkoful (LSA-2026-0060) \u2013 Our World Our People - Nursery 1 \u2013 65.0",
    "action_flag": 3,
    "change_message": ""
  }
},
{
  "model": "admin.logentry",
  "pk": 18,
  "fields": {
    "action_time": "2026-03-17T00:43:33.634Z",
    "user": 1,
    "content_type": 12,
    "object_id": "62",
    "object_repr": "Pamela Akua Opoku (LSA-2026-0061) \u2013 Our World Our People - Nursery 1 \u2013 92.0",
    "action_flag": 3,
    "change_message": ""
  }
},
{
  "model": "admin.logentry",
  "pk": 17,
  "fields": {
    "action_time": "2026-03-17T00:43:33.634Z",
    "user": 1,
    "content_type": 12,
    "object_id": "63",
    "object_repr": "Afia Serwaa Frimpong (LSA-2026-0062) \u2013 Our World Our People - Nursery 1 \u2013 44.0",
    "action_flag": 3,
    "change_message": ""
  }
},
{
  "model": "admin.logentry",
  "pk": 16,
  "fields": {
    "action_time": "2026-03-17T00:43:33.634Z",
    "user": 1,
    "content_type": 12,
    "object_id": "64",
    "object_repr": "Joshua Bentum Agyare Otoo (LSA-2026-0063) \u2013 Our World Our People - Nursery 1 \u2013 6.0",
    "action_flag": 3,
    "change_message": ""
  }
},
{
  "model": "admin.logentry",
  "pk": 15,
  "fields": {
    "action_time": "2026-03-17T00:43:33.634Z",
    "user": 1,
    "content_type": 12,
    "object_id": "65",
    "object_repr": "Bryan A Asiamah (LSA-2026-0064) \u2013 Our World Our People - Nursery 1 \u2013 100.0",
    "action_flag": 3,
    "change_message": ""
  }
},
{
  "model": "admin.logentry",
  "pk": 14,
  "fields": {
    "action_time": "2026-03-17T00:43:33.634Z",
    "user": 1,
    "content_type": 12,
    "object_id": "66",
    "object_repr": "Castiel Jnr. Asiamah Danquah (LSA-2026-0065) \u2013 Our World Our People - Nursery 1 \u2013 63.0",
    "action_flag": 3,
    "change_message": ""
  }
},
{
  "model": "admin.logentry",
  "pk": 13,
  "fields": {
    "action_time": "2026-03-17T00:43:08.793Z",
    "user": 1,
    "content_type": 12,
    "object_id": "67",
    "object_repr": "Betty Valerie N.L Lamptey (LSA-2026-0066) \u2013 Our World Our People - Nursery 1 \u2013 70.0",
    "action_flag": 3,
    "change_message": ""
  }
},
{
  "model": "admin.logentry",
  "pk": 12,
  "fields": {
    "action_time": "2026-03-13T00:06:13.912Z",
    "user": 1,
    "content_type": 10,
    "object_id": "3",
    "object_repr": "LSA-2026-0001 (LSA-2026-0001)",
    "action_flag": 2,
    "change_message": "[{\"changed\": {\"fields\": [\"School class\"]}}]"
  }
},
{
  "model": "admin.logentry",
  "pk": 11,
  "fields": {
    "action_time": "2026-03-13T00:04:49.462Z",
    "user": 1,
    "content_type": 10,
    "object_id": "3",
    "object_repr": "LSA-2026-0001 (LSA-2026-0001)",
    "action_flag": 2,
    "change_message": "[{\"changed\": {\"fields\": [\"School class\", \"Photo\"]}}]"
  }
},
{
  "model": "admin.logentry",
  "pk": 10,
  "fields": {
    "action_time": "2026-03-10T22:06:02.781Z",
    "user": 1,
    "content_type": 9,
    "object_id": "1",
    "object_repr": "cazio",
    "action_flag": 2,
    "change_message": "[]"
  }
},
{
  "model": "admin.logentry",
  "pk": 9,
  "fields": {
    "action_time": "2026-03-10T21:45:34.647Z",
    "user": 1,
    "content_type": 13,
    "object_id": "1",
    "object_repr": "cazio (LSA22039) - term1",
    "action_flag": 1,
    "change_message": "[{\"added\": {}}]"
  }
},
{
  "model": "admin.logentry",
  "pk": 8,
  "fields": {
    "action_time": "2026-03-10T21:42:57.467Z",
    "user": 1,
    "content_type": 12,
    "object_id": "1",
    "object_repr": "cazio (LSA22039) - Computing - Basic 1 Lower Primary - 80",
    "action_flag": 1,
    "change_message": "[{\"added\": {}}]"
  }
},
{
  "model": "admin.logentry",
  "pk": 7,
  "fields": {
    "action_time": "2026-03-10T21:40:06.636Z",
    "user": 1,
    "content_type": 11,
    "object_id": "1",
    "object_repr": "cazio (LSA22039) - 2026-03-10 - present",
    "action_flag": 1,
    "change_message": "[{\"added\": {}}]"
  }
},
{
  "model": "admin.logentry",
  "pk": 6,
  "fields": {
    "action_time": "2026-03-10T21:37:38.929Z",
    "user": 1,
    "content_type": 10,
    "object_id": "1",
    "object_repr": "cazio (LSA22039)",
    "action_flag": 1,
    "change_message": "[{\"added\": {}}]"
  }
},
{
  "model": "admin.logentry",
  "pk": 5,
  "fields": {
    "action_time": "2026-03-10T21:34:17.659Z",
    "user": 1,
    "content_type": 9,
    "object_id": "1",
    "object_repr": "cazio",
    "action_flag": 2,
    "change_message": "[]"
  }
},
{
  "model": "admin.logentry",
  "pk": 4,
  "fields": {
    "action_time": "2026-03-10T21:34:11.289Z",
    "user": 1,
    "content_type": 9,
    "object_id": "1",
    "object_repr": "cazio",
    "action_flag": 1,
    "change_message": "[{\"added\": {}}]"
  }
},
{
  "model": "admin.logentry",
  "pk": 3,
  "fields": {
    "action_time": "2026-03-10T21:30:27.721Z",
    "user": 1,
    "content_type": 8,
    "object_id": "1",
    "object_repr": "Computing - Basic 1 Lower Primary",
    "action_flag": 2,
    "change_message": "[]"
  }
},
{
  "model": "admin.logentry",
  "pk": 2,
  "fields": {
    "action_time": "2026-03-10T21:30:13.831Z",
    "user": 1,
    "content_type": 8,
    "object_id": "1",
    "object_repr": "Computing - Basic 1 Lower Primary",
    "action_flag": 1,
    "change_message": "[{\"added\": {}}]"
  }
},
{
  "model": "admin.logentry",
  "pk": 1,
  "fields": {
    "action_time": "2026-03-10T21:29:42.100Z",
    "user": 1,
    "content_type": 7,
    "object_id": "1",
    "object_repr": "Basic 1 Lower Primary",
    "action_flag": 1,
    "change_message": "[{\"added\": {}}]"
  }
},
{
  "model": "contenttypes.contenttype",
  "pk": 1,
  "fields": {
    "app_label": "admin",
    "model": "logentry"
  }
},
{
  "model": "contenttypes.contenttype",
  "pk": 2,
  "fields": {
    "app_label": "auth",
    "model": "group"
  }
},
{
  "model": "contenttypes.contenttype",
  "pk": 3,
  "fields": {
    "app_label": "auth",
    "model": "permission"
  }
},
{
  "model": "contenttypes.contenttype",
  "pk": 4,
  "fields": {
    "app_label": "contenttypes",
    "model": "contenttype"
  }
},
{
  "model": "contenttypes.contenttype",
  "pk": 5,
  "fields": {
    "app_label": "sessions",
    "model": "session"
  }
},
{
  "model": "contenttypes.contenttype",
  "pk": 6,
  "fields": {
    "app_label": "accounts",
    "model": "user"
  }
},
{
  "model": "contenttypes.contenttype",
  "pk": 7,
  "fields": {
    "app_label": "classes",
    "model": "schoolclass"
  }
},
{
  "model": "contenttypes.contenttype",
  "pk": 8,
  "fields": {
    "app_label": "subjects",
    "model": "subject"
  }
},
{
  "model": "contenttypes.contenttype",
  "pk": 9,
  "fields": {
    "app_label": "teachers",
    "model": "teacher"
  }
},
{
  "model": "contenttypes.contenttype",
  "pk": 10,
  "fields": {
    "app_label": "students",
    "model": "student"
  }
},
{
  "model": "contenttypes.contenttype",
  "pk": 11,
  "fields": {
    "app_label": "attendance",
    "model": "attendance"
  }
},
{
  "model": "contenttypes.contenttype",
  "pk": 12,
  "fields": {
    "app_label": "results",
    "model": "result"
  }
},
{
  "model": "contenttypes.contenttype",
  "pk": 13,
  "fields": {
    "app_label": "fees",
    "model": "fee"
  }
},
{
  "model": "contenttypes.contenttype",
  "pk": 14,
  "fields": {
    "app_label": "announcements",
    "model": "announcement"
  }
},
{
  "model": "contenttypes.contenttype",
  "pk": 15,
  "fields": {
    "app_label": "admissions",
    "model": "admission"
  }
},
{
  "model": "contenttypes.contenttype",
  "pk": 16,
  "fields": {
    "app_label": "results",
    "model": "report"
  }
},
{
  "model": "contenttypes.contenttype",
  "pk": 17,
  "fields": {
    "app_label": "fees",
    "model": "paymenttransaction"
  }
},
{
  "model": "sessions.session",
  "pk": "20nnvdlrndt9hmdmvyjwcnbwmp6qop87",
  "fields": {
    "session_data": ".eJxVjDsOwyAQBe9CHaEFFtubMr3PgPgswUmEJWNXUe4eIblI2jcz7y2cP_bijsabW5K4CiUuv1vw8cm1g_Tw9b7KuNZ9W4Lsijxpk_Oa-HU73b-D4lvpNQAM6HMYMag0oWVrDKuBo8lRISmNNkXSxBNpndESoLYE2oAJeUzi8wXLjzbd:1w0pzB:uO_V5JcRdksPZ2RYR7pfbiS2oWN_I-zHj5HBpFBaOcI",
    "expire_date": "2026-03-27T00:02:37.539Z"
  }
},
{
  "model": "sessions.session",
  "pk": "3zndrrdemyijk61kjcri8qm1avti974a",
  "fields": {
    "session_data": ".eJxVjLsOgzAMAP_FcxXhkheM3fkGZMdOQ1uBRGCq-u8VEkO73p3uDSPtWxn3qus4CfSAcPllTOmp8yHkQfN9MWmZt3VicyTmtNUMi-jrdrZ_g0K1QA_sNMQOs09RrLXEXjVjE6JE4mC7fOWAlNC3jnO2Qbw0ATF32Eb1TuDzBfN0OBk:1w2IUg:vH5oB5RXHEwLoqfpjW6o6-isUoN57nEyx57hGjKGkpw",
    "expire_date": "2026-03-31T00:41:10.300Z"
  }
},
{
  "model": "accounts.user",
  "pk": 1,
  "fields": {
    "password": "pbkdf2_sha256$1200000$uuBIO3wc5NLfCYDcIQt9a9$oJ6h3q6b9Zbe3mUdJK5ZFbupcfPO7vhKkxHMTVC8lpk=",
    "last_login": "2026-03-17T00:41:10.092Z",
    "is_superuser": true,
    "username": "cazio",
    "first_name": "",
    "last_name": "",
    "email": "kophy.fm@gmail.com",
    "is_staff": true,
    "is_active": true,
    "date_joined": "2026-03-10T21:18:27.003Z",
    "role": "admin",
    "is_approved": true,
    "groups": [],
    "user_permissions": []
  }
},
{
  "model": "accounts.user",
  "pk": 37,
  "fields": {
    "password": "pbkdf2_sha256$1200000$sFAmosGoYoAMvFCOOQAoc8$Qqqb5C732g5E964Nj7Le1Sd9GANOABfx6CQi3T/gbR4=",
    "last_login": null,
    "is_superuser": false,
    "username": "LSA-2026-0054",
    "first_name": "Erica",
    "last_name": "Wiafe",
    "email": "rhoda@gmail.com",
    "is_staff": false,
    "is_active": true,
    "date_joined": "2026-03-16T22:20:06.965Z",
    "role": "student",
    "is_approved": true,
    "groups": [],
    "user_permissions": []
  }
},
{
  "model": "accounts.user",
  "pk": 38,
  "fields": {
    "password": "pbkdf2_sha256$1200000$l7A7UPLRdHarHWJoXRtvGH$1HYX7jmzno4qW8nwQ2yY3WOXv0+yPE6ZN6VaLBLw/88=",
    "last_login": null,
    "is_superuser": false,
    "username": "LSA-2026-0055",
    "first_name": "Selina",
    "last_name": "Boakye",
    "email": "john@gmail.com",
    "is_staff": false,
    "is_active": true,
    "date_joined": "2026-03-16T22:40:23.249Z",
    "role": "student",
    "is_approved": true,
    "groups": [],
    "user_permissions": []
  }
},
{
  "model": "accounts.user",
  "pk": 39,
  "fields": {
    "password": "pbkdf2_sha256$1200000$OjjUgDaevWH9TRj2BeW3YD$9d6Qh4Q6dHbI1QbdX/MB/fyg/N0B6VXMf+mn0RvqDxs=",
    "last_login": null,
    "is_superuser": false,
    "username": "LSA-2026-0056",
    "first_name": "Kendra Mbiriwaa Nana Akua",
    "last_name": "Eduful",
    "email": "kingsford@gmail.com",
    "is_staff": false,
    "is_active": true,
    "date_joined": "2026-03-16T22:40:26.671Z",
    "role": "student",
    "is_approved": true,
    "groups": [],
    "user_permissions": []
  }
},
{
  "model": "accounts.user",
  "pk": 40,
  "fields": {
    "password": "pbkdf2_sha256$1200000$fVvf6KRHuzEenS2KGq751e$mZIwPPaVLqiIkJEfpcjVvkNwTFXcb5B2LXHZzhXdHF0=",
    "last_login": null,
    "is_superuser": false,
    "username": "LSA-2026-0057",
    "first_name": "Nyiraba Obeng",
    "last_name": "Owusu",
    "email": "comfort@gmail.com",
    "is_staff": false,
    "is_active": true,
    "date_joined": "2026-03-16T22:40:30.171Z",
    "role": "student",
    "is_approved": true,
    "groups": [],
    "user_permissions": []
  }
},
{
  "model": "accounts.user",
  "pk": 41,
  "fields": {
    "password": "pbkdf2_sha256$1200000$mVwX4QlhdGn7yvC0gZCw9z$xD0QW2EgYjv+3VmiBUfiTIuo2DD/Fe19escKzeze7Zg=",
    "last_login": null,
    "is_superuser": false,
    "username": "LSA-2026-0058",
    "first_name": "Okatakyie Kwabena",
    "last_name": "Ampem Darko Adu",
    "email": "adu@gmail.com",
    "is_staff": false,
    "is_active": true,
    "date_joined": "2026-03-16T22:44:41.184Z",
    "role": "student",
    "is_approved": true,
    "groups": [],
    "user_permissions": []
  }
},
{
  "model": "accounts.user",
  "pk": 42,
  "fields": {
    "password": "pbkdf2_sha256$1200000$K4IWifc9oJKkBG5JzmIS0L$NNhWlOY2ZwGqkRKBIvDOCrWID5jrljHoK6waPGJBKIM=",
    "last_login": null,
    "is_superuser": false,
    "username": "LSA-2026-0059",
    "first_name": "Angel Agyeiwaa",
    "last_name": "Ayensu",
    "email": "ayensu@gmail.com",
    "is_staff": false,
    "is_active": true,
    "date_joined": "2026-03-16T22:46:38.184Z",
    "role": "student",
    "is_approved": true,
    "groups": [],
    "user_permissions": []
  }
},
{
  "model": "accounts.user",
  "pk": 43,
  "fields": {
    "password": "pbkdf2_sha256$1200000$1hzVq0qmCkoV9PvxU632ej$+dd1ihGhMHqLFRnUc3AshJFdBQt2FEw9js1Yiufqm7E=",
    "last_login": null,
    "is_superuser": false,
    "username": "LSA-2026-0060",
    "first_name": "Jael Ekua Adazewa",
    "last_name": "Arkoful",
    "email": "arkoful@gmail.com",
    "is_staff": false,
    "is_active": true,
    "date_joined": "2026-03-16T22:48:45.749Z",
    "role": "student",
    "is_approved": true,
    "groups": [],
    "user_permissions": []
  }
},
{
  "model": "accounts.user",
  "pk": 44,
  "fields": {
    "password": "pbkdf2_sha256$1200000$wZa8FzmrbRbLO6Mv9lsA3w$7n6JlxSoq8J71E05EUV1O7FgDQEKoDnwoc4cqFqk7MU=",
    "last_login": null,
    "is_superuser": false,
    "username": "LSA-2026-0061",
    "first_name": "Pamela Akua",
    "last_name": "Opoku",
    "email": "zulleyah@gmail.com",
    "is_staff": false,
    "is_active": true,
    "date_joined": "2026-03-16T22:52:36.661Z",
    "role": "student",
    "is_approved": true,
    "groups": [],
    "user_permissions": []
  }
},
{
  "model": "accounts.user",
  "pk": 45,
  "fields": {
    "password": "pbkdf2_sha256$1200000$DagSIKTXs8qsmpSdKqrqyG$BcqQxZnifW7o+nY6Cbqot0SxUvhF6M/HMPrBUAi6OSA=",
    "last_login": null,
    "is_superuser": false,
    "username": "LSA-2026-0062",
    "first_name": "Afia Serwaa",
    "last_name": "Frimpong",
    "email": "dorcas@gmail.com",
    "is_staff": false,
    "is_active": true,
    "date_joined": "2026-03-16T22:54:47.399Z",
    "role": "student",
    "is_approved": true,
    "groups": [],
    "user_permissions": []
  }
},
{
  "model": "accounts.user",
  "pk": 46,
  "fields": {
    "password": "pbkdf2_sha256$1200000$WRs8aAoZq0mWHFuZovsiJC$wHAS6xBeJ0rXhYO68KWdiZrcBMwVE6a+jejx4uGVpa8=",
    "last_login": null,
    "is_superuser": false,
    "username": "LSA-2026-0063",
    "first_name": "Joshua Bentum",
    "last_name": "Agyare Otoo",
    "email": "bernice@gmail.com",
    "is_staff": false,
    "is_active": true,
    "date_joined": "2026-03-16T23:02:42.973Z",
    "role": "student",
    "is_approved": true,
    "groups": [],
    "user_permissions": []
  }
},
{
  "model": "accounts.user",
  "pk": 47,
  "fields": {
    "password": "pbkdf2_sha256$1200000$Fvt3ODvXnGPga87SgUeFad$iihzQwoenbB8WMB98moZn2j1SD9ZvnRqObFjOonFu2c=",
    "last_login": null,
    "is_superuser": false,
    "username": "LSA-2026-0064",
    "first_name": "Bryan A",
    "last_name": "Asiamah",
    "email": "christian@gmail.com",
    "is_staff": false,
    "is_active": true,
    "date_joined": "2026-03-16T23:02:49.587Z",
    "role": "student",
    "is_approved": true,
    "groups": [],
    "user_permissions": []
  }
},
{
  "model": "accounts.user",
  "pk": 48,
  "fields": {
    "password": "pbkdf2_sha256$1200000$uHTk5eTWUKR7gZEX7YxzSg$nQGJ+wCaNuvzJAOOGcWhmLP4Xy34iL0VTpLhCP/aTSk=",
    "last_login": null,
    "is_superuser": false,
    "username": "LSA-2026-0065",
    "first_name": "Castiel Jnr.",
    "last_name": "Asiamah Danquah",
    "email": "daniel@gmail.com",
    "is_staff": false,
    "is_active": true,
    "date_joined": "2026-03-16T23:02:57.110Z",
    "role": "student",
    "is_approved": true,
    "groups": [],
    "user_permissions": []
  }
},
{
  "model": "accounts.user",
  "pk": 49,
  "fields": {
    "password": "pbkdf2_sha256$1200000$ukjmktucXdlXtrZMiaINiE$khdEX7Hu86W5hwjXyrLZa3/xPLmkYjSx2x8hOwXNEB4=",
    "last_login": null,
    "is_superuser": false,
    "username": "LSA-2026-0066",
    "first_name": "Betty Valerie N.L",
    "last_name": "Lamptey",
    "email": "lampey@gmail.com",
    "is_staff": false,
    "is_active": true,
    "date_joined": "2026-03-16T23:03:05.606Z",
    "role": "student",
    "is_approved": true,
    "groups": [],
    "user_permissions": []
  }
},
{
  "model": "accounts.user",
  "pk": 50,
  "fields": {
    "password": "",
    "last_login": null,
    "is_superuser": false,
    "username": "danielokyere darko",
    "first_name": "Daniel",
    "last_name": "Okyere Darko",
    "email": "",
    "is_staff": false,
    "is_active": true,
    "date_joined": "2026-03-17T22:01:57.895Z",
    "role": "teacher",
    "is_approved": true,
    "groups": [],
    "user_permissions": []
  }
},
{
  "model": "accounts.user",
  "pk": 51,
  "fields": {
    "password": "pbkdf2_sha256$1200000$2EnPkA90WDKapoq5voTSnM$5zIe6+xjnlXhtLlbcS3xR/9G3sH3DzELvGUTNkMy/Ts=",
    "last_login": null,
    "is_superuser": false,
    "username": "naomiobeng",
    "first_name": "Naomi",
    "last_name": "Obeng",
    "email": "",
    "is_staff": false,
    "is_active": true,
    "date_joined": "2026-03-17T22:24:58.803Z",
    "role": "teacher",
    "is_approved": true,
    "groups": [],
    "user_permissions": []
  }
},
{
  "model": "accounts.user",
  "pk": 52,
  "fields": {
    "password": "pbkdf2_sha256$1200000$bgoWAmy8XYa8tRrOX1yNTv$p6kXTyZ9NVzvlwbuj1yspdWwZ2h+Sv37UJhgY6an7mU=",
    "last_login": null,
    "is_superuser": true,
    "username": "rootSnipper",
    "first_name": "",
    "last_name": "",
    "email": "kophy.fm@gmail.com",
    "is_staff": true,
    "is_active": true,
    "date_joined": "2026-03-18T20:30:22.165Z",
    "role": "student",
    "is_approved": true,
    "groups": [],
    "user_permissions": []
  }
},
{
  "model": "students.student",
  "pk": 28,
  "fields": {
    "user": 37,
    "admission_number": "LSA-2026-0054",
    "student_name": "Erica Wiafe",
    "school_class": 2,
    "photo": "image/upload/v1773699596/admissions/photos/l8rgxnmkoucywfrotkym.jpg",
    "date_of_birth": "2026-01-16",
    "parent_name": "Rhoda Wiafe",
    "address": "Tettegu",
    "admission_date": "2026-03-16"
  }
},
{
  "model": "students.student",
  "pk": 29,
  "fields": {
    "user": 38,
    "admission_number": "LSA-2026-0055",
    "student_name": "Selina Boakye",
    "school_class": 2,
    "photo": "image/upload/v1773700817/admissions/photos/kl4pljcwrznngineptnt.jpg",
    "date_of_birth": "2025-10-01",
    "parent_name": "John Boakye",
    "address": "Weija",
    "admission_date": "2026-03-16"
  }
},
{
  "model": "students.student",
  "pk": 30,
  "fields": {
    "user": 39,
    "admission_number": "LSA-2026-0056",
    "student_name": "Kendra Mbiriwaa Nana Akua Eduful",
    "school_class": 2,
    "photo": "image/upload/v1773700666/admissions/photos/bejayviltbabjzv0k33m.jpg",
    "date_of_birth": "2026-01-13",
    "parent_name": "Kingsford Eduful",
    "address": "Tettegu",
    "admission_date": "2026-03-16"
  }
},
{
  "model": "students.student",
  "pk": 31,
  "fields": {
    "user": 40,
    "admission_number": "LSA-2026-0057",
    "student_name": "Nyiraba Obeng Owusu",
    "school_class": 2,
    "photo": "image/upload/v1773700517/admissions/photos/kj9riu6vtptfcnbdoda0.jpg",
    "date_of_birth": "2026-03-01",
    "parent_name": "Comfort Owusu",
    "address": "Tettegu",
    "admission_date": "2026-03-16"
  }
},
{
  "model": "students.student",
  "pk": 32,
  "fields": {
    "user": 41,
    "admission_number": "LSA-2026-0058",
    "student_name": "Okatakyie Kwabena Ampem Darko Adu",
    "school_class": 2,
    "photo": "image/upload/v1773701073/admissions/photos/xeinqygy5vy9vxe8km3r.jpg",
    "date_of_birth": "2025-10-09",
    "parent_name": "Linda Adu",
    "address": "Oblogo",
    "admission_date": "2026-03-16"
  }
},
{
  "model": "students.student",
  "pk": 33,
  "fields": {
    "user": 42,
    "admission_number": "LSA-2026-0059",
    "student_name": "Angel Agyeiwaa Ayensu",
    "school_class": 2,
    "photo": "image/upload/v1773701195/admissions/photos/aoz1vs18ms665sb341q6.jpg",
    "date_of_birth": "2025-11-12",
    "parent_name": "Samuel Ayensu",
    "address": "Tettegu",
    "admission_date": "2026-03-16"
  }
},
{
  "model": "students.student",
  "pk": 34,
  "fields": {
    "user": 43,
    "admission_number": "LSA-2026-0060",
    "student_name": "Jael Ekua Adazewa Arkoful",
    "school_class": 2,
    "photo": "image/upload/v1773701322/admissions/photos/it3eyvu1aaadowqe3gjn.jpg",
    "date_of_birth": "2025-10-07",
    "parent_name": "Naomi Arkoful",
    "address": "Tettegu",
    "admission_date": "2026-03-16"
  }
},
{
  "model": "students.student",
  "pk": 35,
  "fields": {
    "user": 44,
    "admission_number": "LSA-2026-0061",
    "student_name": "Pamela Akua Opoku",
    "school_class": 2,
    "photo": "image/upload/v1773701434/admissions/photos/djxfwr1bh8gukfhqrd5z.jpg",
    "date_of_birth": "2025-09-09",
    "parent_name": "Zulleya Karim",
    "address": "Tettegu",
    "admission_date": "2026-03-16"
  }
},
{
  "model": "students.student",
  "pk": 36,
  "fields": {
    "user": 45,
    "admission_number": "LSA-2026-0062",
    "student_name": "Afia Serwaa Frimpong",
    "school_class": 2,
    "photo": "image/upload/v1773701684/admissions/photos/evhru9vqr3xfkmcnj6zq.jpg",
    "date_of_birth": "2025-11-06",
    "parent_name": "Dorcas Sesi",
    "address": "Tettegu",
    "admission_date": "2026-03-16"
  }
},
{
  "model": "students.student",
  "pk": 37,
  "fields": {
    "user": 46,
    "admission_number": "LSA-2026-0063",
    "student_name": "Joshua Bentum Agyare Otoo",
    "school_class": 2,
    "photo": "image/upload/v1773701799/admissions/photos/ffgrrx4apot1leyr29m5.jpg",
    "date_of_birth": "2025-11-13",
    "parent_name": "Bernice Honu",
    "address": "Tettegu",
    "admission_date": "2026-03-16"
  }
},
{
  "model": "students.student",
  "pk": 38,
  "fields": {
    "user": 47,
    "admission_number": "LSA-2026-0064",
    "student_name": "Bryan A Asiamah",
    "school_class": 2,
    "photo": "image/upload/v1773701921/admissions/photos/zoxh8p8wnwshwbuvejhk.jpg",
    "date_of_birth": "2025-11-05",
    "parent_name": "Christian Asimah",
    "address": "Oblogo",
    "admission_date": "2026-03-16"
  }
},
{
  "model": "students.student",
  "pk": 39,
  "fields": {
    "user": 48,
    "admission_number": "LSA-2026-0065",
    "student_name": "Castiel Jnr. Asiamah Danquah",
    "school_class": 2,
    "photo": "image/upload/v1773702055/admissions/photos/scgs4ndij9ha3ru4aitw.jpg",
    "date_of_birth": "2025-10-08",
    "parent_name": "Daniel A. Danquah",
    "address": "Oblogo",
    "admission_date": "2026-03-16"
  }
},
{
  "model": "students.student",
  "pk": 40,
  "fields": {
    "user": 49,
    "admission_number": "LSA-2026-0066",
    "student_name": "Betty Valerie N.L Lamptey",
    "school_class": 2,
    "photo": "image/upload/v1773702156/admissions/photos/trpkghupct7rvrma7msm.jpg",
    "date_of_birth": "2025-10-08",
    "parent_name": "Samuel Lamptey",
    "address": "Oblogo",
    "admission_date": "2026-03-16"
  }
},
{
  "model": "teachers.teacher",
  "pk": 5,
  "fields": {
    "teacher_id": "T-43E503",
    "user": 51,
    "subject": 2,
    "school_class": 3,
    "hire_date": "2025-10-08"
  }
},
{
  "model": "classes.schoolclass",
  "pk": 1,
  "fields": {
    "name": "Basic 1",
    "section": "Lower Primary",
    "level": "basic_1_6",
    "created_at": "2026-03-10T21:29:42.038Z"
  }
},
{
  "model": "classes.schoolclass",
  "pk": 6,
  "fields": {
    "name": "Basic 2",
    "section": "Lower Primary",
    "level": "basic_1_6",
    "created_at": "2026-03-12T21:08:17.523Z"
  }
},
{
  "model": "classes.schoolclass",
  "pk": 7,
  "fields": {
    "name": "Basic 3",
    "section": null,
    "level": "basic_1_6",
    "created_at": "2026-03-12T21:08:22.834Z"
  }
},
{
  "model": "classes.schoolclass",
  "pk": 8,
  "fields": {
    "name": "Basic 4",
    "section": null,
    "level": "basic_1_6",
    "created_at": "2026-03-12T21:08:31.267Z"
  }
},
{
  "model": "classes.schoolclass",
  "pk": 9,
  "fields": {
    "name": "Basic 5",
    "section": null,
    "level": "basic_1_6",
    "created_at": "2026-03-12T21:08:37.730Z"
  }
},
{
  "model": "classes.schoolclass",
  "pk": 10,
  "fields": {
    "name": "Basic 6",
    "section": null,
    "level": "basic_1_6",
    "created_at": "2026-03-12T21:08:43.706Z"
  }
},
{
  "model": "classes.schoolclass",
  "pk": 11,
  "fields": {
    "name": "Basic 7",
    "section": null,
    "level": "basic_7_9",
    "created_at": "2026-03-12T21:08:50.955Z"
  }
},
{
  "model": "classes.schoolclass",
  "pk": 12,
  "fields": {
    "name": "Basic 8",
    "section": null,
    "level": "basic_7_9",
    "created_at": "2026-03-12T21:08:57.395Z"
  }
},
{
  "model": "classes.schoolclass",
  "pk": 13,
  "fields": {
    "name": "Basic 9",
    "section": null,
    "level": "basic_7_9",
    "created_at": "2026-03-12T21:09:05.131Z"
  }
},
{
  "model": "classes.schoolclass",
  "pk": 14,
  "fields": {
    "name": "Creache",
    "section": "C",
    "level": "nursery_kg",
    "created_at": "2026-03-16T21:54:38.539Z"
  }
},
{
  "model": "classes.schoolclass",
  "pk": 4,
  "fields": {
    "name": "KG 1",
    "section": null,
    "level": "nursery_kg",
    "created_at": "2026-03-12T21:08:02.869Z"
  }
},
{
  "model": "classes.schoolclass",
  "pk": 5,
  "fields": {
    "name": "KG 2",
    "section": null,
    "level": "nursery_kg",
    "created_at": "2026-03-12T21:08:07.869Z"
  }
},
{
  "model": "classes.schoolclass",
  "pk": 2,
  "fields": {
    "name": "Nursery 1",
    "section": null,
    "level": "nursery_kg",
    "created_at": "2026-03-12T21:07:33.233Z"
  }
},
{
  "model": "classes.schoolclass",
  "pk": 3,
  "fields": {
    "name": "Nursery 2",
    "section": null,
    "level": "nursery_kg",
    "created_at": "2026-03-12T21:07:54.187Z"
  }
},
{
  "model": "subjects.subject",
  "pk": 1,
  "fields": {
    "name": "Computing",
    "school_class": 1,
    "created_at": "2026-03-10T21:30:13.825Z"
  }
},
{
  "model": "subjects.subject",
  "pk": 2,
  "fields": {
    "name": "Literacy",
    "school_class": 2,
    "created_at": "2026-03-12T21:31:02.411Z"
  }
},
{
  "model": "subjects.subject",
  "pk": 3,
  "fields": {
    "name": "Creativity",
    "school_class": 2,
    "created_at": "2026-03-12T21:31:24.455Z"
  }
},
{
  "model": "subjects.subject",
  "pk": 4,
  "fields": {
    "name": "Our World Our People",
    "school_class": 2,
    "created_at": "2026-03-12T21:32:06.772Z"
  }
},
{
  "model": "subjects.subject",
  "pk": 5,
  "fields": {
    "name": "Numeracy",
    "school_class": 2,
    "created_at": "2026-03-12T21:32:21.684Z"
  }
},
{
  "model": "subjects.subject",
  "pk": 6,
  "fields": {
    "name": "Mathematics",
    "school_class": 1,
    "created_at": "2026-03-12T21:32:40.231Z"
  }
},
{
  "model": "subjects.subject",
  "pk": 7,
  "fields": {
    "name": "Science",
    "school_class": 1,
    "created_at": "2026-03-12T21:32:54.045Z"
  }
},
{
  "model": "subjects.subject",
  "pk": 8,
  "fields": {
    "name": "RME",
    "school_class": 1,
    "created_at": "2026-03-12T21:33:01.963Z"
  }
},
{
  "model": "subjects.subject",
  "pk": 9,
  "fields": {
    "name": "History",
    "school_class": 1,
    "created_at": "2026-03-12T21:33:13.463Z"
  }
},
{
  "model": "subjects.subject",
  "pk": 10,
  "fields": {
    "name": "Creative Arts",
    "school_class": 1,
    "created_at": "2026-03-12T21:34:01.415Z"
  }
},
{
  "model": "subjects.subject",
  "pk": 11,
  "fields": {
    "name": "Social Studies",
    "school_class": 11,
    "created_at": "2026-03-12T21:34:27.350Z"
  }
},
{
  "model": "subjects.subject",
  "pk": 12,
  "fields": {
    "name": "Career Tech",
    "school_class": 11,
    "created_at": "2026-03-12T21:55:05.174Z"
  }
},
{
  "model": "subjects.subject",
  "pk": 13,
  "fields": {
    "name": "Creative Arts & Design",
    "school_class": 11,
    "created_at": "2026-03-12T21:55:32.636Z"
  }
},
{
  "model": "subjects.subject",
  "pk": 14,
  "fields": {
    "name": "English",
    "school_class": 1,
    "created_at": "2026-03-14T21:19:28.517Z"
  }
},
{
  "model": "attendance.attendance",
  "pk": 32,
  "fields": {
    "student": 30,
    "school_class": 2,
    "term": "term1",
    "date": "2026-03-17",
    "status": "present",
    "created_at": "2026-03-17T07:39:58.724Z"
  }
},
{
  "model": "attendance.attendance",
  "pk": 33,
  "fields": {
    "student": 29,
    "school_class": 2,
    "term": "term1",
    "date": "2026-03-17",
    "status": "present",
    "created_at": "2026-03-17T07:39:59.003Z"
  }
},
{
  "model": "attendance.attendance",
  "pk": 34,
  "fields": {
    "student": 36,
    "school_class": 2,
    "term": "term1",
    "date": "2026-03-17",
    "status": "present",
    "created_at": "2026-03-17T07:39:59.033Z"
  }
},
{
  "model": "attendance.attendance",
  "pk": 35,
  "fields": {
    "student": 39,
    "school_class": 2,
    "term": "term1",
    "date": "2026-03-17",
    "status": "present",
    "created_at": "2026-03-17T07:39:59.047Z"
  }
},
{
  "model": "attendance.attendance",
  "pk": 36,
  "fields": {
    "student": 38,
    "school_class": 2,
    "term": "term1",
    "date": "2026-03-17",
    "status": "present",
    "created_at": "2026-03-17T07:39:59.578Z"
  }
},
{
  "model": "attendance.attendance",
  "pk": 37,
  "fields": {
    "student": 34,
    "school_class": 2,
    "term": "term1",
    "date": "2026-03-17",
    "status": "present",
    "created_at": "2026-03-17T07:40:00.186Z"
  }
},
{
  "model": "attendance.attendance",
  "pk": 38,
  "fields": {
    "student": 37,
    "school_class": 2,
    "term": "term1",
    "date": "2026-03-17",
    "status": "present",
    "created_at": "2026-03-17T07:39:59.031Z"
  }
},
{
  "model": "attendance.attendance",
  "pk": 39,
  "fields": {
    "student": 31,
    "school_class": 2,
    "term": "term1",
    "date": "2026-03-17",
    "status": "present",
    "created_at": "2026-03-17T07:39:59.271Z"
  }
},
{
  "model": "attendance.attendance",
  "pk": 40,
  "fields": {
    "student": 33,
    "school_class": 2,
    "term": "term1",
    "date": "2026-03-17",
    "status": "present",
    "created_at": "2026-03-17T07:39:59.258Z"
  }
},
{
  "model": "attendance.attendance",
  "pk": 41,
  "fields": {
    "student": 40,
    "school_class": 2,
    "term": "term1",
    "date": "2026-03-17",
    "status": "present",
    "created_at": "2026-03-17T07:39:59.914Z"
  }
},
{
  "model": "attendance.attendance",
  "pk": 42,
  "fields": {
    "student": 32,
    "school_class": 2,
    "term": "term1",
    "date": "2026-03-17",
    "status": "present",
    "created_at": "2026-03-17T07:39:59.594Z"
  }
},
{
  "model": "attendance.attendance",
  "pk": 43,
  "fields": {
    "student": 35,
    "school_class": 2,
    "term": "term1",
    "date": "2026-03-17",
    "status": "present",
    "created_at": "2026-03-17T07:40:01.998Z"
  }
},
{
  "model": "results.result",
  "pk": 69,
  "fields": {
    "student": 28,
    "subject": 5,
    "school_class": 2,
    "term": "term1",
    "reopen": 19.0,
    "ca": 13.5,
    "exams": 17.0,
    "score": 49.5,
    "subject_position": 1,
    "created_at": "2026-03-17T21:44:36.255Z"
  }
},
{
  "model": "results.result",
  "pk": 68,
  "fields": {
    "student": 28,
    "subject": 2,
    "school_class": 2,
    "term": "term1",
    "reopen": 20.0,
    "ca": 40.0,
    "exams": 40.0,
    "score": 100.0,
    "subject_position": 1,
    "created_at": "2026-03-17T07:39:09.510Z"
  }
},
{
  "model": "results.report",
  "pk": 4,
  "fields": {
    "student": 28,
    "term": "term1",
    "year": 2026,
    "attendance": 0,
    "attendance_total": 0,
    "interest": "Literacy",
    "conduct": "Excellent",
    "teacher_remark": "lj",
    "vacation_date": "2026-03-17",
    "resumption_date": "2026-04-08",
    "created_at": "2026-03-17T20:34:00.289Z"
  }
},
{
  "model": "results.report",
  "pk": 5,
  "fields": {
    "student": 29,
    "term": "term1",
    "year": 2026,
    "attendance": 0,
    "attendance_total": 0,
    "interest": "",
    "conduct": "",
    "teacher_remark": "",
    "vacation_date": null,
    "resumption_date": null,
    "created_at": "2026-03-17T20:36:06.755Z"
  }
},
{
  "model": "fees.fee",
  "pk": 22,
  "fields": {
    "student": 33,
    "term": "term1",
    "amount": "500.00",
    "book_user_fee": "0.00",
    "workbook_fee": "0.00",
    "arrears": "0.00",
    "paid": "0.00",
    "balance": "500.00",
    "created_at": "2026-03-17T21:23:08.839Z",
    "updated_at": "2026-03-17T21:23:08.839Z"
  }
},
{
  "model": "fees.fee",
  "pk": 21,
  "fields": {
    "student": 39,
    "term": "term1",
    "amount": "505.00",
    "book_user_fee": "45.00",
    "workbook_fee": "34.00",
    "arrears": "0.00",
    "paid": "584.00",
    "balance": "0.00",
    "created_at": "2026-03-17T20:56:43.933Z",
    "updated_at": "2026-03-17T21:23:59.519Z"
  }
},
{
  "model": "fees.fee",
  "pk": 20,
  "fields": {
    "student": 36,
    "term": "term1",
    "amount": "500.00",
    "book_user_fee": "0.00",
    "workbook_fee": "0.00",
    "arrears": "0.00",
    "paid": "500.00",
    "balance": "0.00",
    "created_at": "2026-03-17T20:49:45.016Z",
    "updated_at": "2026-03-17T21:40:54.708Z"
  }
},
{
  "model": "fees.fee",
  "pk": 19,
  "fields": {
    "student": 35,
    "term": "term1",
    "amount": "300.00",
    "book_user_fee": "50.00",
    "workbook_fee": "11.00",
    "arrears": "0.00",
    "paid": "0.00",
    "balance": "361.00",
    "created_at": "2026-03-17T20:45:06.625Z",
    "updated_at": "2026-03-17T20:45:06.625Z"
  }
},
{
  "model": "fees.paymenttransaction",
  "pk": 3,
  "fields": {
    "fee": 20,
    "amount": "20.00",
    "recorded_by": 1,
    "note": "Momo Payment",
    "created_at": "2026-03-17T21:40:54.915Z"
  }
},
{
  "model": "fees.paymenttransaction",
  "pk": 2,
  "fields": {
    "fee": 20,
    "amount": "425.00",
    "recorded_by": 1,
    "note": "Cash",
    "created_at": "2026-03-17T21:34:31.351Z"
  }
},
{
  "model": "fees.paymenttransaction",
  "pk": 1,
  "fields": {
    "fee": 21,
    "amount": "184.00",
    "recorded_by": 1,
    "note": "Cash",
    "created_at": "2026-03-17T21:23:59.773Z"
  }
},
{
  "model": "announcements.announcement",
  "pk": 2,
  "fields": {
    "title": "Hello to everyone",
    "message": "We will be breaking",
    "priority": "normal",
    "audience": "all",
    "is_pinned": true,
    "expires_at": "2026-03-16T17:06:00Z",
    "created_at": "2026-03-16T00:06:54.651Z",
    "updated_at": "2026-03-16T00:06:54.651Z"
  }
},
{
  "model": "announcements.announcement",
  "pk": 1,
  "fields": {
    "title": "Public Holiday",
    "message": "Friday and Monday have been officially decleard a holiday",
    "priority": "normal",
    "audience": "all",
    "is_pinned": true,
    "expires_at": "2026-03-15T22:49:00Z",
    "created_at": "2026-03-15T23:49:18.696Z",
    "updated_at": "2026-03-15T23:49:18.696Z"
  }
},
{
  "model": "admissions.admission",
  "pk": 56,
  "fields": {
    "first_name": "Betty Valerie N.L",
    "last_name": "Lamptey",
    "student_name": "Betty Valerie N.L Lamptey",
    "gender": "Female",
    "date_of_birth": "2025-10-08",
    "nationality": "Ghanaian",
    "religion": "Christian",
    "photo": "image/upload/v1773702156/admissions/photos/trpkghupct7rvrma7msm.jpg",
    "applied_class": 2,
    "previous_school": "",
    "health_notes": "",
    "parent_name": "Samuel Lamptey",
    "parent_gender": "Male",
    "relationship": "Father",
    "email": "lampey@gmail.com",
    "phone": "0246310497",
    "alt_phone": "",
    "address": "Oblogo",
    "admission_number": "LSA-2026-0066",
    "application_date": "2026-03-16T23:02:36.672Z",
    "status": "approved"
  }
},
{
  "model": "admissions.admission",
  "pk": 55,
  "fields": {
    "first_name": "Castiel Jnr.",
    "last_name": "Asiamah Danquah",
    "student_name": "Castiel Jnr. Asiamah Danquah",
    "gender": "Male",
    "date_of_birth": "2025-10-08",
    "nationality": "Ghanaian",
    "religion": "Christian",
    "photo": "image/upload/v1773702055/admissions/photos/scgs4ndij9ha3ru4aitw.jpg",
    "applied_class": 2,
    "previous_school": "",
    "health_notes": "",
    "parent_name": "Daniel A. Danquah",
    "parent_gender": "Male",
    "relationship": "Father",
    "email": "daniel@gmail.com",
    "phone": "0248501175",
    "alt_phone": "",
    "address": "Oblogo",
    "admission_number": "LSA-2026-0065",
    "application_date": "2026-03-16T23:00:56.158Z",
    "status": "approved"
  }
},
{
  "model": "admissions.admission",
  "pk": 54,
  "fields": {
    "first_name": "Bryan A",
    "last_name": "Asiamah",
    "student_name": "Bryan A Asiamah",
    "gender": "Male",
    "date_of_birth": "2025-11-05",
    "nationality": "Ghanaian",
    "religion": "Christian",
    "photo": "image/upload/v1773701921/admissions/photos/zoxh8p8wnwshwbuvejhk.jpg",
    "applied_class": 2,
    "previous_school": "",
    "health_notes": "",
    "parent_name": "Christian Asimah",
    "parent_gender": "Male",
    "relationship": "Father",
    "email": "christian@gmail.com",
    "phone": "0508711815",
    "alt_phone": "",
    "address": "Oblogo",
    "admission_number": "LSA-2026-0064",
    "application_date": "2026-03-16T22:58:41.635Z",
    "status": "approved"
  }
},
{
  "model": "admissions.admission",
  "pk": 53,
  "fields": {
    "first_name": "Joshua Bentum",
    "last_name": "Agyare Otoo",
    "student_name": "Joshua Bentum Agyare Otoo",
    "gender": "Male",
    "date_of_birth": "2025-11-13",
    "nationality": "Ghanaian",
    "religion": "Christian",
    "photo": "image/upload/v1773701799/admissions/photos/ffgrrx4apot1leyr29m5.jpg",
    "applied_class": 2,
    "previous_school": "",
    "health_notes": "",
    "parent_name": "Bernice Honu",
    "parent_gender": "Female",
    "relationship": "Mother",
    "email": "bernice@gmail.com",
    "phone": "0243246731",
    "alt_phone": "",
    "address": "Tettegu",
    "admission_number": "LSA-2026-0063",
    "application_date": "2026-03-16T22:56:40.228Z",
    "status": "approved"
  }
},
{
  "model": "admissions.admission",
  "pk": 52,
  "fields": {
    "first_name": "Afia Serwaa",
    "last_name": "Frimpong",
    "student_name": "Afia Serwaa Frimpong",
    "gender": "Female",
    "date_of_birth": "2025-11-06",
    "nationality": "Ghanaian",
    "religion": "Christian",
    "photo": "image/upload/v1773701684/admissions/photos/evhru9vqr3xfkmcnj6zq.jpg",
    "applied_class": 2,
    "previous_school": "",
    "health_notes": "",
    "parent_name": "Dorcas Sesi",
    "parent_gender": "Female",
    "relationship": "Mother",
    "email": "dorcas@gmail.com",
    "phone": "0545376982",
    "alt_phone": "",
    "address": "Tettegu",
    "admission_number": "LSA-2026-0062",
    "application_date": "2026-03-16T22:54:44.437Z",
    "status": "approved"
  }
},
{
  "model": "admissions.admission",
  "pk": 50,
  "fields": {
    "first_name": "Pamela Akua",
    "last_name": "Opoku",
    "student_name": "Pamela Akua Opoku",
    "gender": "Female",
    "date_of_birth": "2025-09-09",
    "nationality": "Ghanaian",
    "religion": "Christian",
    "photo": "image/upload/v1773701434/admissions/photos/djxfwr1bh8gukfhqrd5z.jpg",
    "applied_class": 2,
    "previous_school": "",
    "health_notes": "",
    "parent_name": "Zulleya Karim",
    "parent_gender": "Female",
    "relationship": "Mother",
    "email": "zulleyah@gmail.com",
    "phone": "0248502590",
    "alt_phone": "",
    "address": "Tettegu",
    "admission_number": "LSA-2026-0061",
    "application_date": "2026-03-16T22:50:34.845Z",
    "status": "approved"
  }
},
{
  "model": "admissions.admission",
  "pk": 49,
  "fields": {
    "first_name": "Jael Ekua Adazewa",
    "last_name": "Arkoful",
    "student_name": "Jael Ekua Adazewa Arkoful",
    "gender": "Female",
    "date_of_birth": "2025-10-07",
    "nationality": "Ghanaian",
    "religion": "Christian",
    "photo": "image/upload/v1773701322/admissions/photos/it3eyvu1aaadowqe3gjn.jpg",
    "applied_class": 2,
    "previous_school": "",
    "health_notes": "",
    "parent_name": "Naomi Arkoful",
    "parent_gender": "Female",
    "relationship": "Mother",
    "email": "arkoful@gmail.com",
    "phone": "0268647277",
    "alt_phone": "",
    "address": "Tettegu",
    "admission_number": "LSA-2026-0060",
    "application_date": "2026-03-16T22:48:42.623Z",
    "status": "approved"
  }
},
{
  "model": "admissions.admission",
  "pk": 48,
  "fields": {
    "first_name": "Angel Agyeiwaa",
    "last_name": "Ayensu",
    "student_name": "Angel Agyeiwaa Ayensu",
    "gender": "Female",
    "date_of_birth": "2025-11-12",
    "nationality": "Ghanaian",
    "religion": "Christian",
    "photo": "image/upload/v1773701195/admissions/photos/aoz1vs18ms665sb341q6.jpg",
    "applied_class": 2,
    "previous_school": "",
    "health_notes": "",
    "parent_name": "Samuel Ayensu",
    "parent_gender": "Male",
    "relationship": "Father",
    "email": "ayensu@gmail.com",
    "phone": "0554500204",
    "alt_phone": "",
    "address": "Tettegu",
    "admission_number": "LSA-2026-0059",
    "application_date": "2026-03-16T22:46:35.551Z",
    "status": "approved"
  }
},
{
  "model": "admissions.admission",
  "pk": 47,
  "fields": {
    "first_name": "Okatakyie Kwabena",
    "last_name": "Ampem Darko Adu",
    "student_name": "Okatakyie Kwabena Ampem Darko Adu",
    "gender": "Male",
    "date_of_birth": "2025-10-09",
    "nationality": "Ghanaian",
    "religion": "Christian",
    "photo": "image/upload/v1773701073/admissions/photos/xeinqygy5vy9vxe8km3r.jpg",
    "applied_class": 2,
    "previous_school": "",
    "health_notes": "",
    "parent_name": "Linda Adu",
    "parent_gender": "Female",
    "relationship": "Mother",
    "email": "adu@gmail.com",
    "phone": "0548288783",
    "alt_phone": "",
    "address": "Oblogo",
    "admission_number": "LSA-2026-0058",
    "application_date": "2026-03-16T22:44:33.850Z",
    "status": "approved"
  }
},
{
  "model": "admissions.admission",
  "pk": 46,
  "fields": {
    "first_name": "Selina",
    "last_name": "Boakye",
    "student_name": "Selina Boakye",
    "gender": "Female",
    "date_of_birth": "2025-10-01",
    "nationality": "Ghanaian",
    "religion": "Christian",
    "photo": "image/upload/v1773700817/admissions/photos/kl4pljcwrznngineptnt.jpg",
    "applied_class": 2,
    "previous_school": "",
    "health_notes": "",
    "parent_name": "John Boakye",
    "parent_gender": "Male",
    "relationship": "Father",
    "email": "john@gmail.com",
    "phone": "0247813773",
    "alt_phone": "",
    "address": "Weija",
    "admission_number": "LSA-2026-0055",
    "application_date": "2026-03-16T22:40:18.252Z",
    "status": "approved"
  }
},
{
  "model": "admissions.admission",
  "pk": 45,
  "fields": {
    "first_name": "Kendra Mbiriwaa Nana Akua",
    "last_name": "Eduful",
    "student_name": "Kendra Mbiriwaa Nana Akua Eduful",
    "gender": "Female",
    "date_of_birth": "2026-01-13",
    "nationality": "Ghanaian",
    "religion": "Christian",
    "photo": "image/upload/v1773700666/admissions/photos/bejayviltbabjzv0k33m.jpg",
    "applied_class": 2,
    "previous_school": "",
    "health_notes": "",
    "parent_name": "Kingsford Eduful",
    "parent_gender": "Male",
    "relationship": "Father",
    "email": "kingsford@gmail.com",
    "phone": "0549586019",
    "alt_phone": "",
    "address": "Tettegu",
    "admission_number": "LSA-2026-0056",
    "application_date": "2026-03-16T22:37:46.698Z",
    "status": "approved"
  }
},
{
  "model": "admissions.admission",
  "pk": 44,
  "fields": {
    "first_name": "Nyiraba Obeng",
    "last_name": "Owusu",
    "student_name": "Nyiraba Obeng Owusu",
    "gender": "Male",
    "date_of_birth": "2026-03-01",
    "nationality": "Ghanaian",
    "religion": "Christian",
    "photo": "image/upload/v1773700517/admissions/photos/kj9riu6vtptfcnbdoda0.jpg",
    "applied_class": 2,
    "previous_school": "",
    "health_notes": "",
    "parent_name": "Comfort Owusu",
    "parent_gender": "Female",
    "relationship": "Mother",
    "email": "comfort@gmail.com",
    "phone": "0245904552",
    "alt_phone": "",
    "address": "Tettegu",
    "admission_number": "LSA-2026-0057",
    "application_date": "2026-03-16T22:35:17.523Z",
    "status": "approved"
  }
},
{
  "model": "admissions.admission",
  "pk": 42,
  "fields": {
    "first_name": "Erica",
    "last_name": "Wiafe",
    "student_name": "Erica Wiafe",
    "gender": "Female",
    "date_of_birth": "2026-01-16",
    "nationality": "Ghanaian",
    "religion": "Christian",
    "photo": "image/upload/v1773699596/admissions/photos/l8rgxnmkoucywfrotkym.jpg",
    "applied_class": 2,
    "previous_school": "",
    "health_notes": "",
    "parent_name": "Rhoda Wiafe",
    "parent_gender": "Female",
    "relationship": "Mother",
    "email": "rhoda@gmail.com",
    "phone": "0596436782",
    "alt_phone": "",
    "address": "Tettegu",
    "admission_number": "LSA-2026-0054",
    "application_date": "2026-03-16T22:19:56.422Z",
    "status": "approved"
  }
}
]
